{
  "impact": {
    "t_s": 160.89722394943237,
    "pos_km": [
      5856.434895254117,
      -2290.5923751429427,
      1022.2513866382388
    ],
    "vel_km_s": [
      -7.770286507795724,
      -1.5711676364785705,
      -1.2197157972266053
    ],
    "speed_km_s": 8.020824569902652,
    "lat_deg": 9.233239434193932,
    "lon_deg": -21.361661791053567,
    "surface_normal": [
      0.9192332278468494,
      -0.3595341979111448,
      0.16045383558722406
    ],
    "angle_from_horizontal_deg": 57.61758797547133,
    "angle_from_surface_normal_deg": 32.38241202452867,
    "energy_megatons": 40.757732809590486,
    "crater_diameter_km": 7.307680867247795,
    "forces": {
      "energy_j": 1.705303540753266e+17,
      "energy_megatons": 40.757732809590486,
      "stop_distance_m": 2192.304260174338,
      "contact_time_s": 0.5466530881128462,
      "force_avg_N": 77785897319638.27,
      "force_peak_N": 88357293382.21294,
      "force_peak_uncapped_N": 155571794639276.53,
      "earth_deltaV_ms": 7.1202111489298434e-12
    },
    "frame": "geocentric"
  },
  "csv": "Data/trajectory_demo.csv"
}